{
  "project_info": {
    "project_number": "1025854795163",
    "firebase_url": "https://chatapp-46de2.firebaseio.com",
    "project_id": "chatapp-46de2",
    "storage_bucket": "chatapp-46de2.appspot.com"
  },
  "client": [
    {
      "client_info": {
        "mobilesdk_app_id": "1:1025854795163:android:fea16760d6e8977107853e",
        "android_client_info": {
          "package_name": "com.example.chatapp"
        }
      },
      "oauth_client": [
        {
          "client_id": "1025854795163-bs989k7q6ai09f5sqr134vttemc32nbp.apps.googleusercontent.com",
          "client_type": 1,
          "android_info": {
            "package_name": "com.example.chatapp",
            "certificate_hash": "63ad975608d8aa7352c9af89c12086f56ba1263e"
          }
        },
        {
          "client_id": "1025854795163-vuq76k1feusn3ep116m71uq74uveg0i8.apps.googleusercontent.com",
          "client_type": 3
        }
      ],
      "api_key": [
        {
          "current_key": "AIzaSyDuZWdW3GNpn3CLC299URc3qRCSTo0_uJY"
        }
      ],
      "services": {
        "appinvite_service": {
          "other_platform_oauth_client": [
            {
              "client_id": "1025854795163-vuq76k1feusn3ep116m71uq74uveg0i8.apps.googleusercontent.com",
              "client_type": 3
            }
          ]
        }
      }
    }
  ],
  "configuration_version": "1"
}